Workbook

Sheet Database
A2: Dynamic Salary Compensation Schedule
A4: Salary Compensation Schedule
A5: as at 1 January 2020 | Q5: increment | R5: 500
O7: old salaries | P7: new salaries
A8: S/N | B8: Employee Number | C8: Employee Names | D8: Department | E8: Grade Level | F8: Basic | G8: Housing | H8: Transport | I8: Leave | J8: Meal | K8: Utility | L8: Gross Pay | O8: 8000
A9: 1 | B9: KP15865 | C9: Kosoko Dayo David | D9: Finance | E9: Semi Senior | F9: =VLOOKUP(Table1[[#This Row],[Grade Level]],'Simple Salary Structure'!$B$7:$I$16,2,0) -> 483646 | G9: =VLOOKUP(Table1[[#This Row],[Grade Level]],'Simple Salary Structure'!$B$7:$I$16,3,0) -> 150000 | H9: =VLOOKUP(Table1[[#This Row],[Grade Level]],'Simple Salary Structure'!$B$8:$I$16,4,0) -> 20000 | I9: =VLOOKUP(Table1[[#This Row],[Grade Level]],'Simple Salary Structure'!$B$7:$I$16,5,0) -> 48364.6 | J9: =VLOOKUP(Table1[[#This Row],[Grade Level]],'Simple Salary Structure'!$B$7:$I$16,6,0) -> 5000 | K9: =VLOOKUP(Table1[[#This Row],[Grade Level]],'Simple Salary Structure'!$B$7:$I$16,7,0) -> 10000 | L9: =VLOOKUP(Table1[[#This Row],[Grade Level]],'Simple Salary Structure'!$B$7:$I$16,8,0) -> 717012.6 | O9: 7500
A10: 2 | B10: KP11781 | C10: Paimo Tosin Ade | D10: Human Resources | E10: ESA | F10: =VLOOKUP(Table1[[#This Row],[Grade Level]],'Simple Salary Structure'!$B$7:$I$16,2,0) -> 415159 | G10: =VLOOKUP(Table1[[#This Row],[Grade Level]],'Simple Salary Structure'!$B$7:$I$16,3,0) -> 150000 | H10: =VLOOKUP(Table1[[#This Row],[Grade Level]],'Simple Salary Structure'!$B$8:$I$16,4,0) -> 20000 | I10: =VLOOKUP(Table1[[#This Row],[Grade Level]],'Simple Salary Structure'!$B$7:$I$16,5,0) -> 41515.9 | J10: =VLOOKUP(Table1[[#This Row],[Grade Level]],'Simple Salary Structure'!$B$7:$I$16,6,0) -> 5000 | K10: =VLOOKUP(Table1[[#This Row],[Grade Level]],'Simple Salary Structure'!$B$7:$I$16,7,0) -> 10000 | L10: =VLOOKUP(Table1[[#This Row],[Grade Level]],'Simple Salary Structure'!$B$7:$I$16,8,0) -> 641675.9 | O10: 7800
A11: 3 | B11: KP16450 | C11: Bello Joseph Olakunle | D11: Forensic | E11: Semi Senior | F11: =VLOOKUP(Table1[[#This Row],[Grade Level]],'Simple Salary Structure'!$B$7:$I$16,2,0) -> 483646 | G11: =VLOOKUP(Table1[[#This Row],[Grade Level]],'Simple Salary Structure'!$B$7:$I$16,3,0) -> 150000 | H11: =VLOOKUP(Table1[[#This Row],[Grade Level]],'Simple Salary Structure'!$B$8:$I$16,4,0) -> 20000 | I11: =VLOOKUP(Table1[[#This Row],[Grade Level]],'Simple Salary Structure'!$B$7:$I$16,5,0) -> 48364.6 | J11: =VLOOKUP(Table1[[#This Row],[Grade Level]],'Simple Salary Structure'!$B$7:$I$16,6,0) -> 5000 | K11: =VLOOKUP(Table1[[#This Row],[Grade Level]],'Simple Salary Structure'!$B$7:$I$16,7,0) -> 10000 | L11: =VLOOKUP(Table1[[#This Row],[Grade Level]],'Simple Salary Structure'!$B$7:$I$16,8,0) -> 717012.6 | O11: 6600
A12: 4 | B12: KP15773 | C12: Ogidan Mutiu Olalekan | D12: Sales | E12: Senior 3 | F12: =VLOOKUP(Table1[[#This Row],[Grade Level]],'Simple Salary Structure'!$B$7:$I$16,2,0) -> 685899 | G12: =VLOOKUP(Table1[[#This Row],[Grade Level]],'Simple Salary Structure'!$B$7:$I$16,3,0) -> 150000 | H12: =VLOOKUP(Table1[[#This Row],[Grade Level]],'Simple Salary Structure'!$B$8:$I$16,4,0) -> 20000 | I12: =VLOOKUP(Table1[[#This Row],[Grade Level]],'Simple Salary Structure'!$B$7:$I$16,5,0) -> 68589.9 | J12: =VLOOKUP(Table1[[#This Row],[Grade Level]],'Simple Salary Structure'!$B$7:$I$16,6,0) -> 5000 | K12: =VLOOKUP(Table1[[#This Row],[Grade Level]],'Simple Salary Structure'!$B$7:$I$16,7,0) -> 10000 | L12: =VLOOKUP(Table1[[#This Row],[Grade Level]],'Simple Salary Structure'!$B$7:$I$16,8,0) -> 939493.9 | O12: 8500
A13: 5 | B13: KP11077 | C13: Chukwu Nonso Stephen | D13: Finance | E13: Senior 2 | F13: =VLOOKUP(Table1[[#This Row],[Grade Level]],'Simple Salary Structure'!$B$7:$I$16,2,0) -> 550208 | G13: =VLOOKUP(Table1[[#This Row],[Grade Level]],'Simple Salary Structure'!$B$7:$I$16,3,0) -> 150000 | H13: =VLOOKUP(Table1[[#This Row],[Grade Level]],'Simple Salary Structure'!$B$8:$I$16,4,0) -> 20000 | I13: =VLOOKUP(Table1[[#This Row],[Grade Level]],'Simple Salary Structure'!$B$7:$I$16,5,0) -> 55020.8 | J13: =VLOOKUP(Table1[[#This Row],[Grade Level]],'Simple Salary Structure'!$B$7:$I$16,6,0) -> 5000 | K13: =VLOOKUP(Table1[[#This Row],[Grade Level]],'Simple Salary Structure'!$B$7:$I$16,7,0) -> 10000 | L13: =VLOOKUP(Table1[[#This Row],[Grade Level]],'Simple Salary Structure'!$B$7:$I$16,8,0) -> 790232.8 | O13: 10100
A14: 6 | B14: KP18060 | C14: Otobo Lawrence Faith | D14: Human Resources | E14: Senior 3 | F14: =VLOOKUP(Table1[[#This Row],[Grade Level]],'Simple Salary Structure'!$B$7:$I$16,2,0) -> 685899 | G14: =VLOOKUP(Table1[[#This Row],[Grade Level]],'Simple Salary Structure'!$B$7:$I$16,3,0) -> 150000 | H14: =VLOOKUP(Table1[[#This Row],[Grade Level]],'Simple Salary Structure'!$B$8:$I$16,4,0) -> 20000 | I14: =VLOOKUP(Table1[[#This Row],[Grade Level]],'Simple Salary Structure'!$B$7:$I$16,5,0) -> 68589.9 | J14: =VLOOKUP(Table1[[#This Row],[Grade Level]],'Simple Salary Structure'!$B$7:$I$16,6,0) -> 5000 | K14: =VLOOKUP(Table1[[#This Row],[Grade Level]],'Simple Salary Structure'!$B$7:$I$16,7,0) -> 10000 | L14: =VLOOKUP(Table1[[#This Row],[Grade Level]],'Simple Salary Structure'!$B$7:$I$16,8,0) -> 939493.9
A15: 7 | B15: KP14683 | C15: Goodluck Patience Hope | D15: Forensic | E15: Manager | F15: =VLOOKUP(Table1[[#This Row],[Grade Level]],'Simple Salary Structure'!$B$7:$I$16,2,0) -> 810490 | G15: =VLOOKUP(Table1[[#This Row],[Grade Level]],'Simple Salary Structure'!$B$7:$I$16,3,0) -> 150000 | H15: =VLOOKUP(Table1[[#This Row],[Grade Level]],'Simple Salary Structure'!$B$8:$I$16,4,0) -> 20000 | I15: =VLOOKUP(Table1[[#This Row],[Grade Level]],'Simple Salary Structure'!$B$7:$I$16,5,0) -> 81049 | J15: =VLOOKUP(Table1[[#This Row],[Grade Level]],'Simple Salary Structure'!$B$7:$I$16,6,0) -> 5000 | K15: =VLOOKUP(Table1[[#This Row],[Grade Level]],'Simple Salary Structure'!$B$7:$I$16,7,0) -> 10000 | L15: =VLOOKUP(Table1[[#This Row],[Grade Level]],'Simple Salary Structure'!$B$7:$I$16,8,0) -> 1076545
A16: 8 | B16: KP12910 | C16: Adepeju Kunle Taiwo | D16: Forensic | E16: Senior Manager | F16: =VLOOKUP(Table1[[#This Row],[Grade Level]],'Simple Salary Structure'!$B$7:$I$16,2,0) -> 918468 | G16: =VLOOKUP(Table1[[#This Row],[Grade Level]],'Simple Salary Structure'!$B$7:$I$16,3,0) -> 150000 | H16: =VLOOKUP(Table1[[#This Row],[Grade Level]],'Simple Salary Structure'!$B$8:$I$16,4,0) -> 20000 | I16: =VLOOKUP(Table1[[#This Row],[Grade Level]],'Simple Salary Structure'!$B$7:$I$16,5,0) -> 91846.8 | J16: =VLOOKUP(Table1[[#This Row],[Grade Level]],'Simple Salary Structure'!$B$7:$I$16,6,0) -> 5000 | K16: =VLOOKUP(Table1[[#This Row],[Grade Level]],'Simple Salary Structure'!$B$7:$I$16,7,0) -> 10000 | L16: =VLOOKUP(Table1[[#This Row],[Grade Level]],'Simple Salary Structure'!$B$7:$I$16,8,0) -> 1195321.8 | P16: Relative referencing | Q16: O8
A17: 9 | B17: KP12607 | C17: Obafemi Emmanuel O | D17: Forensic | E17: Director | F17: =VLOOKUP(Table1[[#This Row],[Grade Level]],'Simple Salary Structure'!$B$7:$I$16,2,0) -> 997605 | G17: =VLOOKUP(Table1[[#This Row],[Grade Level]],'Simple Salary Structure'!$B$7:$I$16,3,0) -> 150000 | H17: =VLOOKUP(Table1[[#This Row],[Grade Level]],'Simple Salary Structure'!$B$8:$I$16,4,0) -> 20000 | I17: =VLOOKUP(Table1[[#This Row],[Grade Level]],'Simple Salary Structure'!$B$7:$I$16,5,0) -> 99760.5 | J17: =VLOOKUP(Table1[[#This Row],[Grade Level]],'Simple Salary Structure'!$B$7:$I$16,6,0) -> 5000 | K17: =VLOOKUP(Table1[[#This Row],[Grade Level]],'Simple Salary Structure'!$B$7:$I$16,7,0) -> 10000 | L17: =VLOOKUP(Table1[[#This Row],[Grade Level]],'Simple Salary Structure'!$B$7:$I$16,8,0) -> 1282373.5 | P17: Absolute referencing | Q17: $O$8
A18: 10 | B18: KP14887 | C18: Jegede Bosede Taiwo | D18: Finance | E18: Manager | F18: =VLOOKUP(Table1[[#This Row],[Grade Level]],'Simple Salary Structure'!$B$7:$I$16,2,0) -> 810490 | G18: =VLOOKUP(Table1[[#This Row],[Grade Level]],'Simple Salary Structure'!$B$7:$I$16,3,0) -> 150000 | H18: =VLOOKUP(Table1[[#This Row],[Grade Level]],'Simple Salary Structure'!$B$8:$I$16,4,0) -> 20000 | I18: =VLOOKUP(Table1[[#This Row],[Grade Level]],'Simple Salary Structure'!$B$7:$I$16,5,0) -> 81049 | J18: =VLOOKUP(Table1[[#This Row],[Grade Level]],'Simple Salary Structure'!$B$7:$I$16,6,0) -> 5000 | K18: =VLOOKUP(Table1[[#This Row],[Grade Level]],'Simple Salary Structure'!$B$7:$I$16,7,0) -> 10000 | L18: =VLOOKUP(Table1[[#This Row],[Grade Level]],'Simple Salary Structure'!$B$7:$I$16,8,0) -> 1076545 | P18: Column constant | Q18: $O8
A19: 11 | B19: KP18031 | C19: Obasanjo Dele Fabregas | D19: Sales | E19: Senior Manager | F19: =VLOOKUP(Table1[[#This Row],[Grade Level]],'Simple Salary Structure'!$B$7:$I$16,2,0) -> 918468 | G19: =VLOOKUP(Table1[[#This Row],[Grade Level]],'Simple Salary Structure'!$B$7:$I$16,3,0) -> 150000 | H19: =VLOOKUP(Table1[[#This Row],[Grade Level]],'Simple Salary Structure'!$B$8:$I$16,4,0) -> 20000 | I19: =VLOOKUP(Table1[[#This Row],[Grade Level]],'Simple Salary Structure'!$B$7:$I$16,5,0) -> 91846.8 | J19: =VLOOKUP(Table1[[#This Row],[Grade Level]],'Simple Salary Structure'!$B$7:$I$16,6,0) -> 5000 | K19: =VLOOKUP(Table1[[#This Row],[Grade Level]],'Simple Salary Structure'!$B$7:$I$16,7,0) -> 10000 | L19: =VLOOKUP(Table1[[#This Row],[Grade Level]],'Simple Salary Structure'!$B$7:$I$16,8,0) -> 1195321.8 | P19: Row constant | Q19: O$8
A20: 12 | B20: KP10567 | C20: Olowo Ade Ribadu | D20: Forensic | E20: Senior Manager | F20: =VLOOKUP(Table1[[#This Row],[Grade Level]],'Simple Salary Structure'!$B$7:$I$16,2,0) -> 918468 | G20: =VLOOKUP(Table1[[#This Row],[Grade Level]],'Simple Salary Structure'!$B$7:$I$16,3,0) -> 150000 | H20: =VLOOKUP(Table1[[#This Row],[Grade Level]],'Simple Salary Structure'!$B$8:$I$16,4,0) -> 20000 | I20: =VLOOKUP(Table1[[#This Row],[Grade Level]],'Simple Salary Structure'!$B$7:$I$16,5,0) -> 91846.8 | J20: =VLOOKUP(Table1[[#This Row],[Grade Level]],'Simple Salary Structure'!$B$7:$I$16,6,0) -> 5000 | K20: =VLOOKUP(Table1[[#This Row],[Grade Level]],'Simple Salary Structure'!$B$7:$I$16,7,0) -> 10000 | L20: =VLOOKUP(Table1[[#This Row],[Grade Level]],'Simple Salary Structure'!$B$7:$I$16,8,0) -> 1195321.8
A21: 13 | B21: KP19147 | C21: Benjamin Remilekun Badmus | D21: Sales | E21: Director | F21: =VLOOKUP(Table1[[#This Row],[Grade Level]],'Simple Salary Structure'!$B$7:$I$16,2,0) -> 997605 | G21: =VLOOKUP(Table1[[#This Row],[Grade Level]],'Simple Salary Structure'!$B$7:$I$16,3,0) -> 150000 | H21: =VLOOKUP(Table1[[#This Row],[Grade Level]],'Simple Salary Structure'!$B$8:$I$16,4,0) -> 20000 | I21: =VLOOKUP(Table1[[#This Row],[Grade Level]],'Simple Salary Structure'!$B$7:$I$16,5,0) -> 99760.5 | J21: =VLOOKUP(Table1[[#This Row],[Grade Level]],'Simple Salary Structure'!$B$7:$I$16,6,0) -> 5000 | K21: =VLOOKUP(Table1[[#This Row],[Grade Level]],'Simple Salary Structure'!$B$7:$I$16,7,0) -> 10000 | L21: =VLOOKUP(Table1[[#This Row],[Grade Level]],'Simple Salary Structure'!$B$7:$I$16,8,0) -> 1282373.5
A22: 14 | B22: KP16405 | C22: Ajibola Adepeju Patience | D22: Sales | E22: Manager | F22: =VLOOKUP(Table1[[#This Row],[Grade Level]],'Simple Salary Structure'!$B$7:$I$16,2,0) -> 810490 | G22: =VLOOKUP(Table1[[#This Row],[Grade Level]],'Simple Salary Structure'!$B$7:$I$16,3,0) -> 150000 | H22: =VLOOKUP(Table1[[#This Row],[Grade Level]],'Simple Salary Structure'!$B$8:$I$16,4,0) -> 20000 | I22: =VLOOKUP(Table1[[#This Row],[Grade Level]],'Simple Salary Structure'!$B$7:$I$16,5,0) -> 81049 | J22: =VLOOKUP(Table1[[#This Row],[Grade Level]],'Simple Salary Structure'!$B$7:$I$16,6,0) -> 5000 | K22: =VLOOKUP(Table1[[#This Row],[Grade Level]],'Simple Salary Structure'!$B$7:$I$16,7,0) -> 10000 | L22: =VLOOKUP(Table1[[#This Row],[Grade Level]],'Simple Salary Structure'!$B$7:$I$16,8,0) -> 1076545
A23: 15 | B23: KP15041 | C23: Pepple Tioluwani Rose | D23: Sales | E23: Senior Manager | F23: =VLOOKUP(Table1[[#This Row],[Grade Level]],'Simple Salary Structure'!$B$7:$I$16,2,0) -> 918468 | G23: =VLOOKUP(Table1[[#This Row],[Grade Level]],'Simple Salary Structure'!$B$7:$I$16,3,0) -> 150000 | H23: =VLOOKUP(Table1[[#This Row],[Grade Level]],'Simple Salary Structure'!$B$8:$I$16,4,0) -> 20000 | I23: =VLOOKUP(Table1[[#This Row],[Grade Level]],'Simple Salary Structure'!$B$7:$I$16,5,0) -> 91846.8 | J23: =VLOOKUP(Table1[[#This Row],[Grade Level]],'Simple Salary Structure'!$B$7:$I$16,6,0) -> 5000 | K23: =VLOOKUP(Table1[[#This Row],[Grade Level]],'Simple Salary Structure'!$B$7:$I$16,7,0) -> 10000 | L23: =VLOOKUP(Table1[[#This Row],[Grade Level]],'Simple Salary Structure'!$B$7:$I$16,8,0) -> 1195321.8
A24: 16 | B24: KP19525 | C24: Oghenegare Godwin Daniel | D24: Forensic | E24: ESA | F24: =VLOOKUP(Table1[[#This Row],[Grade Level]],'Simple Salary Structure'!$B$7:$I$16,2,0) -> 415159 | G24: =VLOOKUP(Table1[[#This Row],[Grade Level]],'Simple Salary Structure'!$B$7:$I$16,3,0) -> 150000 | H24: =VLOOKUP(Table1[[#This Row],[Grade Level]],'Simple Salary Structure'!$B$8:$I$16,4,0) -> 20000 | I24: =VLOOKUP(Table1[[#This Row],[Grade Level]],'Simple Salary Structure'!$B$7:$I$16,5,0) -> 41515.9 | J24: =VLOOKUP(Table1[[#This Row],[Grade Level]],'Simple Salary Structure'!$B$7:$I$16,6,0) -> 5000 | K24: =VLOOKUP(Table1[[#This Row],[Grade Level]],'Simple Salary Structure'!$B$7:$I$16,7,0) -> 10000 | L24: =VLOOKUP(Table1[[#This Row],[Grade Level]],'Simple Salary Structure'!$B$7:$I$16,8,0) -> 641675.9
A25: 17 | B25: KP16159 | C25: Agede Vivian Pero | D25: Sales | E25: Semi Senior | F25: =VLOOKUP(Table1[[#This Row],[Grade Level]],'Simple Salary Structure'!$B$7:$I$16,2,0) -> 483646 | G25: =VLOOKUP(Table1[[#This Row],[Grade Level]],'Simple Salary Structure'!$B$7:$I$16,3,0) -> 150000 | H25: =VLOOKUP(Table1[[#This Row],[Grade Level]],'Simple Salary Structure'!$B$8:$I$16,4,0) -> 20000 | I25: =VLOOKUP(Table1[[#This Row],[Grade Level]],'Simple Salary Structure'!$B$7:$I$16,5,0) -> 48364.6 | J25: =VLOOKUP(Table1[[#This Row],[Grade Level]],'Simple Salary Structure'!$B$7:$I$16,6,0) -> 5000 | K25: =VLOOKUP(Table1[[#This Row],[Grade Level]],'Simple Salary Structure'!$B$7:$I$16,7,0) -> 10000 | L25: =VLOOKUP(Table1[[#This Row],[Grade Level]],'Simple Salary Structure'!$B$7:$I$16,8,0) -> 717012.6
A26: 18 | B26: KP10700 | C26: Aguijoke Sarah G | D26: Human Resources | E26: Senior 1 | F26: =VLOOKUP(Table1[[#This Row],[Grade Level]],'Simple Salary Structure'!$B$7:$I$16,2,0) -> 495507 | G26: =VLOOKUP(Table1[[#This Row],[Grade Level]],'Simple Salary Structure'!$B$7:$I$16,3,0) -> 150000 | H26: =VLOOKUP(Table1[[#This Row],[Grade Level]],'Simple Salary Structure'!$B$8:$I$16,4,0) -> 20000 | I26: =VLOOKUP(Table1[[#This Row],[Grade Level]],'Simple Salary Structure'!$B$7:$I$16,5,0) -> 49550.7 | J26: =VLOOKUP(Table1[[#This Row],[Grade Level]],'Simple Salary Structure'!$B$7:$I$16,6,0) -> 5000 | K26: =VLOOKUP(Table1[[#This Row],[Grade Level]],'Simple Salary Structure'!$B$7:$I$16,7,0) -> 10000 | L26: =VLOOKUP(Table1[[#This Row],[Grade Level]],'Simple Salary Structure'!$B$7:$I$16,8,0) -> 730060.7
A27: 19 | B27: KP15394 | C27: Tenumah Gloria O | D27: Human Resources | E27: Senior 2 | F27: =VLOOKUP(Table1[[#This Row],[Grade Level]],'Simple Salary Structure'!$B$7:$I$16,2,0) -> 550208 | G27: =VLOOKUP(Table1[[#This Row],[Grade Level]],'Simple Salary Structure'!$B$7:$I$16,3,0) -> 150000 | H27: =VLOOKUP(Table1[[#This Row],[Grade Level]],'Simple Salary Structure'!$B$8:$I$16,4,0) -> 20000 | I27: =VLOOKUP(Table1[[#This Row],[Grade Level]],'Simple Salary Structure'!$B$7:$I$16,5,0) -> 55020.8 | J27: =VLOOKUP(Table1[[#This Row],[Grade Level]],'Simple Salary Structure'!$B$7:$I$16,6,0) -> 5000 | K27: =VLOOKUP(Table1[[#This Row],[Grade Level]],'Simple Salary Structure'!$B$7:$I$16,7,0) -> 10000 | L27: =VLOOKUP(Table1[[#This Row],[Grade Level]],'Simple Salary Structure'!$B$7:$I$16,8,0) -> 790232.8
A28: 20 | B28: KP12803 | C28: Odion Esther Faith | D28: Finance | E28: SA | F28: =VLOOKUP(Table1[[#This Row],[Grade Level]],'Simple Salary Structure'!$B$7:$I$16,2,0) -> 310648 | G28: =VLOOKUP(Table1[[#This Row],[Grade Level]],'Simple Salary Structure'!$B$7:$I$16,3,0) -> 150000 | H28: =VLOOKUP(Table1[[#This Row],[Grade Level]],'Simple Salary Structure'!$B$8:$I$16,4,0) -> 20000 | I28: =VLOOKUP(Table1[[#This Row],[Grade Level]],'Simple Salary Structure'!$B$7:$I$16,5,0) -> 31064.8 | J28: =VLOOKUP(Table1[[#This Row],[Grade Level]],'Simple Salary Structure'!$B$7:$I$16,6,0) -> 5000 | K28: =VLOOKUP(Table1[[#This Row],[Grade Level]],'Simple Salary Structure'!$B$7:$I$16,7,0) -> 10000 | L28: =VLOOKUP(Table1[[#This Row],[Grade Level]],'Simple Salary Structure'!$B$7:$I$16,8,0) -> 526712.8
A29: 21 | B29: KP11868 | C29: Salami Peju Kenny | D29: Human Resources | E29: ESA | F29: =VLOOKUP(Table1[[#This Row],[Grade Level]],'Simple Salary Structure'!$B$7:$I$16,2,0) -> 415159 | G29: =VLOOKUP(Table1[[#This Row],[Grade Level]],'Simple Salary Structure'!$B$7:$I$16,3,0) -> 150000 | H29: =VLOOKUP(Table1[[#This Row],[Grade Level]],'Simple Salary Structure'!$B$8:$I$16,4,0) -> 20000 | I29: =VLOOKUP(Table1[[#This Row],[Grade Level]],'Simple Salary Structure'!$B$7:$I$16,5,0) -> 41515.9 | J29: =VLOOKUP(Table1[[#This Row],[Grade Level]],'Simple Salary Structure'!$B$7:$I$16,6,0) -> 5000 | K29: =VLOOKUP(Table1[[#This Row],[Grade Level]],'Simple Salary Structure'!$B$7:$I$16,7,0) -> 10000 | L29: =VLOOKUP(Table1[[#This Row],[Grade Level]],'Simple Salary Structure'!$B$7:$I$16,8,0) -> 641675.9
A30: 22 | B30: KP12786 | C30: Badmus Agnes Nnaji | D30: Forensic | E30: Semi Senior | F30: =VLOOKUP(Table1[[#This Row],[Grade Level]],'Simple Salary Structure'!$B$7:$I$16,2,0) -> 483646 | G30: =VLOOKUP(Table1[[#This Row],[Grade Level]],'Simple Salary Structure'!$B$7:$I$16,3,0) -> 150000 | H30: =VLOOKUP(Table1[[#This Row],[Grade Level]],'Simple Salary Structure'!$B$8:$I$16,4,0) -> 20000 | I30: =VLOOKUP(Table1[[#This Row],[Grade Level]],'Simple Salary Structure'!$B$7:$I$16,5,0) -> 48364.6 | J30: =VLOOKUP(Table1[[#This Row],[Grade Level]],'Simple Salary Structure'!$B$7:$I$16,6,0) -> 5000 | K30: =VLOOKUP(Table1[[#This Row],[Grade Level]],'Simple Salary Structure'!$B$7:$I$16,7,0) -> 10000 | L30: =VLOOKUP(Table1[[#This Row],[Grade Level]],'Simple Salary Structure'!$B$7:$I$16,8,0) -> 717012.6
A31: 23 | B31: KP13717 | C31: Edeaghe Gabriel Alex | D31: Sales | E31: Senior 1 | F31: =VLOOKUP(Table1[[#This Row],[Grade Level]],'Simple Salary Structure'!$B$7:$I$16,2,0) -> 495507 | G31: =VLOOKUP(Table1[[#This Row],[Grade Level]],'Simple Salary Structure'!$B$7:$I$16,3,0) -> 150000 | H31: =VLOOKUP(Table1[[#This Row],[Grade Level]],'Simple Salary Structure'!$B$8:$I$16,4,0) -> 20000 | I31: =VLOOKUP(Table1[[#This Row],[Grade Level]],'Simple Salary Structure'!$B$7:$I$16,5,0) -> 49550.7 | J31: =VLOOKUP(Table1[[#This Row],[Grade Level]],'Simple Salary Structure'!$B$7:$I$16,6,0) -> 5000 | K31: =VLOOKUP(Table1[[#This Row],[Grade Level]],'Simple Salary Structure'!$B$7:$I$16,7,0) -> 10000 | L31: =VLOOKUP(Table1[[#This Row],[Grade Level]],'Simple Salary Structure'!$B$7:$I$16,8,0) -> 730060.7
... A93: 85 | B93: KP13102 | C93: Abdulkareem Gabriel Sarah | D93: Sales | E93: ESA | F93: =VLOOKUP(Table1[[#This Row],[Grade Level]],'Simple Salary Structure'!$B$7:$I$16,2,0) -> 415159 | G93: =VLOOKUP(Table1[[#This Row],[Grade Level]],'Simple Salary Structure'!$B$7:$I$16,3,0) -> 150000 | H93: =VLOOKUP(Table1[[#This Row],[Grade Level]],'Simple Salary Structure'!$B$8:$I$16,4,0) -> 20000 | I93: =VLOOKUP(Table1[[#This Row],[Grade Level]],'Simple Salary Structure'!$B$7:$I$16,5,0) -> 41515.9 | J93: =VLOOKUP(Table1[[#This Row],[Grade Level]],'Simple Salary Structure'!$B$7:$I$16,6,0) -> 5000 | K93: =VLOOKUP(Table1[[#This Row],[Grade Level]],'Simple Salary Structure'!$B$7:$I$16,7,0) -> 10000 | L93: =VLOOKUP(Table1[[#This Row],[Grade Level]],'Simple Salary Structure'!$B$7:$I$16,8,0) -> 641675.9

Sheet XLOOKUP Practice
A1: Dynamic Salary Compensation Schedule
A3: Salary Compensation Schedule
A4: as at 1 January 2020
A7: S/N | B7: Employee Number | C7: Employee Names | D7: Department | E7: Grade Level | F7: Basic | G7: Housing | H7: Transport | I7: Leave | J7: Meal | K7: Utility | L7: Gross Pay
A8: 1 | B8: KP15865 | C8: Kosoko Dayo David | D8: Finance | E8: Semi Senior | F8: =_xlfn.XLOOKUP(Table13[[#This Row],[Grade Level]],'Simple Salary Structure'!$B$7:$B$16,'Simple Salary Structure'!C7:C16) -> 483646
A9: 2 | B9: KP11781 | C9: Paimo Tosin Ade | D9: Human Resources | E9: ESA
A10: 3 | B10: KP16450 | C10: Bello Joseph Olakunle | D10: Forensic | E10: Semi Senior
A11: 4 | B11: KP15773 | C11: Ogidan Mutiu Olalekan | D11: Sales | E11: Senior 3
A12: 5 | B12: KP11077 | C12: Chukwu Nonso Stephen | D12: Finance | E12: Senior 2
A13: 6 | B13: KP18060 | C13: Otobo Lawrence Faith | D13: Human Resources | E13: Senior 3
A14: 7 | B14: KP14683 | C14: Goodluck Patience Hope | D14: Forensic | E14: Manager
A15: 8 | B15: KP12910 | C15: Adepeju Kunle Taiwo | D15: Forensic | E15: Senior Manager
A16: 9 | B16: KP12607 | C16: Obafemi Emmanuel O | D16: Forensic | E16: Director
A17: 10 | B17: KP14887 | C17: Jegede Bosede Taiwo | D17: Finance | E17: Manager
A18: 11 | B18: KP18031 | C18: Obasanjo Dele Fabregas | D18: Sales | E18: Senior Manager
A19: 12 | B19: KP10567 | C19: Olowo Ade Ribadu | D19: Forensic | E19: Senior Manager
A20: 13 | B20: KP19147 | C20: Benjamin Remilekun Badmus | D20: Sales | E20: Director
... A92: 85 | B92: KP13102 | C92: Abdulkareem Gabriel Sarah | D92: Sales | E92: ESA

Sheet Simple Salary Structure
A4: Salary Structure Chart
A5: Based on a single Salary Scale per Level
B7: Level | C7: Basic | D7: Housing | E7: Transport | F7: Leave | G7: Meal | H7: Utility | I7: Gross
B8: SA | C8: 310648 | D8: 150000 | E8: 20000 | F8: 31064.8 | G8: 5000 | H8: 10000 | I8: 526712.8
B9: ESA | C9: 415159 | D9: 150000 | E9: 20000 | F9: 41515.9 | G9: 5000 | H9: 10000 | I9: 641675.9
B10: Semi Senior | C10: 483646 | D10: 150000 | E10: 20000 | F10: 48364.6 | G10: 5000 | H10: 10000 | I10: 717012.6
B11: Senior 1 | C11: 495507 | D11: 150000 | E11: 20000 | F11: 49550.7 | G11: 5000 | H11: 10000 | I11: 730060.7
B12: Senior 2 | C12: 550208 | D12: 150000 | E12: 20000 | F12: 55020.8 | G12: 5000 | H12: 10000 | I12: 790232.8
B13: Senior 3 | C13: 685899 | D13: 150000 | E13: 20000 | F13: 68589.9 | G13: 5000 | H13: 10000 | I13: 939493.9
B14: Manager | C14: 810490 | D14: 150000 | E14: 20000 | F14: 81049 | G14: 5000 | H14: 10000 | I14: 1076545
B15: Senior Manager | C15: 918468 | D15: 150000 | E15: 20000 | F15: 91846.8 | G15: 5000 | H15: 10000 | I15: 1195321.8
B16: Director | C16: 997605 | D16: 150000 | E16: 20000 | F16: 99760.5 | G16: 5000 | H16: 10000 | I16: 1282373.5
